feature,importance
lag_7,0.3545969790815796
lag_7_txn,0.2837577895649953
lag_14,0.10523854661394969
is_event,0.06991053209777989
dow_sin,0.02141100053485395
is_summer,0.021392026612852038
lag_1_txn,0.01888490581715396
lag_1,0.017118189410485492
dow,0.012590055686398111
month_cos,0.011201415805378537
